{"cameraMode":{"drawMode":0,"name":"Shaded","section":"Shading Mode"},"sceneLighting":true,"audioPlay":false,"sceneViewState":{"m_AlwaysRefresh":false,"showFog":true,"showSkybox":true,"showFlares":true,"showImageEffects":true,"showParticleSystems":true,"showVisualEffectGraphs":true,"m_FxEnabled":true},"in2DMode":false,"pivot":{"x":-0.5607894062995911,"y":-28.647937774658204,"z":197.8104248046875},"rotation":{"x":-0.09755784273147583,"y":0.04529344290494919,"z":-0.004577438812702894,"w":-0.9943031668663025},"size":136.21035766601563,"orthographic":false}