{"cameraMode":{"drawMode":0,"name":"Shaded","section":"Shading Mode"},"sceneLighting":false,"audioPlay":false,"sceneViewState":{"m_AlwaysRefresh":false,"showFog":true,"showSkybox":false,"showFlares":true,"showImageEffects":true,"showParticleSystems":true,"showVisualEffectGraphs":true,"m_FxEnabled":true},"in2DMode":false,"pivot":{"x":-12.114051818847657,"y":-4.275428771972656,"z":-20.70273208618164},"rotation":{"x":0.0011012146715074778,"y":0.950210452079773,"z":0.010897238738834858,"w":-0.3123215436935425},"size":13.248106956481934,"orthographic":false}